Open Time,Open,High,Low,Close,Close Time
2022-08-07 21:00:00,58.28000000,58.28000000,58.28000000,58.28000000,2022-08-07 21:00:59.999
2022-08-07 21:01:00,58.26000000,58.28000000,58.26000000,58.28000000,2022-08-07 21:01:59.999
2022-08-07 21:02:00,58.21200000,58.21200000,58.21100000,58.21100000,2022-08-07 21:02:59.999
2022-08-07 21:03:00,58.27800000,58.27800000,58.27800000,58.27800000,2022-08-07 21:03:59.999
2022-08-07 21:04:00,58.27800000,58.27800000,58.27800000,58.27800000,2022-08-07 21:04:59.999
2022-08-07 21:05:00,58.27800000,58.27800000,58.27800000,58.27800000,2022-08-07 21:05:59.999
2022-08-07 21:06:00,58.27800000,58.27800000,58.27800000,58.27800000,2022-08-07 21:06:59.999
2022-08-07 21:07:00,58.27200000,58.27300000,58.27200000,58.27300000,2022-08-07 21:07:59.999
2022-08-07 21:08:00,58.27300000,58.27300000,58.27300000,58.27300000,2022-08-07 21:08:59.999
2022-08-07 21:09:00,58.18500000,58.18600000,58.17800000,58.18600000,2022-08-07 21:09:59.999
2022-08-07 21:10:00,58.21100000,58.21100000,57.98000000,57.98000000,2022-08-07 21:10:59.999
2022-08-07 21:11:00,57.97800000,58.06700000,57.89900000,58.06700000,2022-08-07 21:11:59.999
2022-08-07 21:12:00,58.06700000,58.06700000,58.06700000,58.06700000,2022-08-07 21:12:59.999
2022-08-07 21:13:00,58.03500000,58.03700000,58.03500000,58.03500000,2022-08-07 21:13:59.999
2022-08-07 21:14:00,58.00300000,58.07100000,58.00300000,58.07000000,2022-08-07 21:14:59.999
2022-08-07 21:15:00,58.07000000,58.07000000,58.04400000,58.04700000,2022-08-07 21:15:59.999
2022-08-07 21:16:00,58.06000000,58.06000000,58.06000000,58.06000000,2022-08-07 21:16:59.999
2022-08-07 21:17:00,58.06000000,58.09400000,58.05000000,58.09400000,2022-08-07 21:17:59.999
2022-08-07 21:18:00,58.09400000,58.09400000,58.09400000,58.09400000,2022-08-07 21:18:59.999
2022-08-07 21:19:00,58.08900000,58.08900000,58.08900000,58.08900000,2022-08-07 21:19:59.999
2022-08-07 21:20:00,58.08900000,58.08900000,58.08900000,58.08900000,2022-08-07 21:20:59.999
2022-08-07 21:21:00,58.08900000,58.08900000,58.08900000,58.08900000,2022-08-07 21:21:59.999
2022-08-07 21:22:00,58.08900000,58.08900000,58.08900000,58.08900000,2022-08-07 21:22:59.999
2022-08-07 21:23:00,58.08900000,58.08900000,58.08900000,58.08900000,2022-08-07 21:23:59.999
2022-08-07 21:24:00,58.05000000,58.05000000,58.05000000,58.05000000,2022-08-07 21:24:59.999
2022-08-07 21:25:00,58.05200000,58.05200000,58.05000000,58.05000000,2022-08-07 21:25:59.999
2022-08-07 21:26:00,58.05000000,58.05000000,57.98000000,57.98000000,2022-08-07 21:26:59.999
2022-08-07 21:27:00,57.98000000,57.98000000,57.98000000,57.98000000,2022-08-07 21:27:59.999
2022-08-07 21:28:00,57.98000000,57.98000000,57.98000000,57.98000000,2022-08-07 21:28:59.999
2022-08-07 21:29:00,58.00000000,58.00000000,58.00000000,58.00000000,2022-08-07 21:29:59.999
2022-08-07 21:30:00,58.00000000,58.00000000,58.00000000,58.00000000,2022-08-07 21:30:59.999
2022-08-07 21:31:00,58.00000000,58.08000000,58.00000000,58.08000000,2022-08-07 21:31:59.999
2022-08-07 21:32:00,58.08000000,58.08000000,58.08000000,58.08000000,2022-08-07 21:32:59.999
2022-08-07 21:33:00,58.08000000,58.08900000,58.08000000,58.08900000,2022-08-07 21:33:59.999
2022-08-07 21:34:00,58.08900000,58.08900000,58.08900000,58.08900000,2022-08-07 21:34:59.999
2022-08-07 21:35:00,58.08900000,58.08900000,58.08900000,58.08900000,2022-08-07 21:35:59.999
2022-08-07 21:36:00,58.00000000,58.00000000,57.82300000,57.82600000,2022-08-07 21:36:59.999
2022-08-07 21:37:00,57.83200000,57.83200000,57.83000000,57.83000000,2022-08-07 21:37:59.999
2022-08-07 21:38:00,57.83000000,57.83000000,57.83000000,57.83000000,2022-08-07 21:38:59.999
2022-08-07 21:39:00,57.83000000,57.83000000,57.83000000,57.83000000,2022-08-07 21:39:59.999
2022-08-07 21:40:00,57.83000000,57.83000000,57.83000000,57.83000000,2022-08-07 21:40:59.999
2022-08-07 21:41:00,57.83000000,57.83000000,57.83000000,57.83000000,2022-08-07 21:41:59.999
2022-08-07 21:42:00,57.83200000,58.07500000,57.83000000,58.07500000,2022-08-07 21:42:59.999
2022-08-07 21:43:00,58.07500000,58.07500000,58.07500000,58.07500000,2022-08-07 21:43:59.999
2022-08-07 21:44:00,58.06300000,58.06300000,57.83100000,57.83100000,2022-08-07 21:44:59.999
2022-08-07 21:45:00,57.83100000,57.83100000,57.83100000,57.83100000,2022-08-07 21:45:59.999
2022-08-07 21:46:00,57.83100000,57.83100000,57.83100000,57.83100000,2022-08-07 21:46:59.999
2022-08-07 21:47:00,57.83100000,57.83100000,57.83100000,57.83100000,2022-08-07 21:47:59.999
2022-08-07 21:48:00,57.83100000,57.83100000,57.83100000,57.83100000,2022-08-07 21:48:59.999
2022-08-07 21:49:00,57.84000000,57.99900000,57.84000000,57.84300000,2022-08-07 21:49:59.999
2022-08-07 21:50:00,57.84400000,57.98700000,57.84100000,57.98700000,2022-08-07 21:50:59.999
2022-08-07 21:51:00,57.98700000,57.98700000,57.98700000,57.98700000,2022-08-07 21:51:59.999
2022-08-07 21:52:00,57.98700000,57.98700000,57.98700000,57.98700000,2022-08-07 21:52:59.999
2022-08-07 21:53:00,57.98400000,57.98400000,57.97800000,57.97900000,2022-08-07 21:53:59.999
2022-08-07 21:54:00,57.84200000,57.84200000,57.84200000,57.84200000,2022-08-07 21:54:59.999
2022-08-07 21:55:00,57.84200000,57.84200000,57.84200000,57.84200000,2022-08-07 21:55:59.999
2022-08-07 21:56:00,57.99400000,57.99400000,57.99400000,57.99400000,2022-08-07 21:56:59.999
2022-08-07 21:57:00,57.99200000,57.99300000,57.99200000,57.99300000,2022-08-07 21:57:59.999
2022-08-07 21:58:00,57.99300000,57.99300000,57.99300000,57.99300000,2022-08-07 21:58:59.999
2022-08-07 21:59:00,57.99300000,57.99300000,57.84200000,57.84200000,2022-08-07 21:59:59.999
2022-08-07 22:00:00,57.84200000,57.84200000,57.84200000,57.84200000,2022-08-07 22:00:59.999
2022-08-07 22:01:00,57.84200000,57.84200000,57.84200000,57.84200000,2022-08-07 22:01:59.999
2022-08-07 22:02:00,57.84200000,57.84200000,57.84200000,57.84200000,2022-08-07 22:02:59.999
2022-08-07 22:03:00,57.84200000,57.84200000,57.84200000,57.84200000,2022-08-07 22:03:59.999
2022-08-07 22:04:00,57.84700000,57.84700000,57.84700000,57.84700000,2022-08-07 22:04:59.999
2022-08-07 22:05:00,57.84600000,57.84600000,57.84600000,57.84600000,2022-08-07 22:05:59.999
2022-08-07 22:06:00,57.84600000,57.84600000,57.84400000,57.84400000,2022-08-07 22:06:59.999
2022-08-07 22:07:00,57.84400000,57.84400000,57.84400000,57.84400000,2022-08-07 22:07:59.999
2022-08-07 22:08:00,57.84500000,57.84500000,57.84500000,57.84500000,2022-08-07 22:08:59.999
2022-08-07 22:09:00,57.84500000,57.84500000,57.84500000,57.84500000,2022-08-07 22:09:59.999
2022-08-07 22:10:00,57.84500000,57.84500000,57.84500000,57.84500000,2022-08-07 22:10:59.999
2022-08-07 22:11:00,57.99700000,57.99700000,57.84800000,57.84800000,2022-08-07 22:11:59.999
2022-08-07 22:12:00,57.84800000,57.84800000,57.84800000,57.84800000,2022-08-07 22:12:59.999
2022-08-07 22:13:00,57.84800000,57.84800000,57.84800000,57.84800000,2022-08-07 22:13:59.999
2022-08-07 22:14:00,57.86000000,57.86000000,57.86000000,57.86000000,2022-08-07 22:14:59.999
2022-08-07 22:15:00,57.86000000,57.86000000,57.86000000,57.86000000,2022-08-07 22:15:59.999
2022-08-07 22:16:00,57.86000000,57.86000000,57.86000000,57.86000000,2022-08-07 22:16:59.999
2022-08-07 22:17:00,57.86000000,57.86000000,57.86000000,57.86000000,2022-08-07 22:17:59.999
2022-08-07 22:18:00,57.86000000,57.86000000,57.86000000,57.86000000,2022-08-07 22:18:59.999
2022-08-07 22:19:00,57.86000000,57.86000000,57.86000000,57.86000000,2022-08-07 22:19:59.999
2022-08-07 22:20:00,57.86000000,57.86000000,57.86000000,57.86000000,2022-08-07 22:20:59.999
2022-08-07 22:21:00,57.86000000,57.86000000,57.86000000,57.86000000,2022-08-07 22:21:59.999
2022-08-07 22:22:00,57.86000000,57.86000000,57.86000000,57.86000000,2022-08-07 22:22:59.999
2022-08-07 22:23:00,58.01000000,58.01000000,57.86000000,57.86000000,2022-08-07 22:23:59.999
2022-08-07 22:24:00,57.86000000,57.86000000,57.86000000,57.86000000,2022-08-07 22:24:59.999
2022-08-07 22:25:00,57.86000000,57.86000000,57.86000000,57.86000000,2022-08-07 22:25:59.999
2022-08-07 22:26:00,57.86000000,57.86000000,57.86000000,57.86000000,2022-08-07 22:26:59.999
2022-08-07 22:27:00,57.86000000,57.86000000,57.86000000,57.86000000,2022-08-07 22:27:59.999
2022-08-07 22:28:00,57.86000000,57.86000000,57.86000000,57.86000000,2022-08-07 22:28:59.999
2022-08-07 22:29:00,57.86000000,57.86000000,57.86000000,57.86000000,2022-08-07 22:29:59.999
2022-08-07 22:30:00,57.86000000,57.86000000,57.86000000,57.86000000,2022-08-07 22:30:59.999
2022-08-07 22:31:00,57.98300000,57.98300000,57.98300000,57.98300000,2022-08-07 22:31:59.999
2022-08-07 22:32:00,58.07300000,58.08900000,58.07300000,58.07700000,2022-08-07 22:32:59.999
2022-08-07 22:33:00,58.08200000,58.14000000,58.07300000,58.14000000,2022-08-07 22:33:59.999
2022-08-07 22:34:00,58.14000000,58.14000000,58.14000000,58.14000000,2022-08-07 22:34:59.999
2022-08-07 22:35:00,58.13200000,58.13300000,58.08700000,58.08700000,2022-08-07 22:35:59.999
2022-08-07 22:36:00,58.08700000,58.08700000,58.08700000,58.08700000,2022-08-07 22:36:59.999
2022-08-07 22:37:00,58.08700000,58.08700000,58.08700000,58.08700000,2022-08-07 22:37:59.999
2022-08-07 22:38:00,58.08700000,58.08700000,58.08700000,58.08700000,2022-08-07 22:38:59.999
2022-08-07 22:39:00,58.08700000,58.08700000,58.08700000,58.08700000,2022-08-07 22:39:59.999
2022-08-07 22:40:00,58.08700000,58.08700000,58.08700000,58.08700000,2022-08-07 22:40:59.999
2022-08-07 22:41:00,58.08700000,58.08700000,58.08700000,58.08700000,2022-08-07 22:41:59.999
2022-08-07 22:42:00,58.08700000,58.08700000,58.08700000,58.08700000,2022-08-07 22:42:59.999
2022-08-07 22:43:00,58.08700000,58.08700000,58.08700000,58.08700000,2022-08-07 22:43:59.999
2022-08-07 22:44:00,58.08700000,58.08700000,58.08700000,58.08700000,2022-08-07 22:44:59.999
2022-08-07 22:45:00,58.08700000,58.08700000,58.08700000,58.08700000,2022-08-07 22:45:59.999
2022-08-07 22:46:00,58.08700000,58.08700000,58.08700000,58.08700000,2022-08-07 22:46:59.999
2022-08-07 22:47:00,58.00200000,58.00200000,58.00200000,58.00200000,2022-08-07 22:47:59.999
2022-08-07 22:48:00,58.00200000,58.00200000,58.00200000,58.00200000,2022-08-07 22:48:59.999
2022-08-07 22:49:00,58.00200000,58.00200000,58.00200000,58.00200000,2022-08-07 22:49:59.999
2022-08-07 22:50:00,58.00200000,58.00200000,58.00200000,58.00200000,2022-08-07 22:50:59.999
2022-08-07 22:51:00,58.00200000,58.00200000,58.00200000,58.00200000,2022-08-07 22:51:59.999
2022-08-07 22:52:00,58.00200000,58.00200000,58.00200000,58.00200000,2022-08-07 22:52:59.999
2022-08-07 22:53:00,58.00200000,58.00200000,58.00200000,58.00200000,2022-08-07 22:53:59.999
2022-08-07 22:54:00,58.03600000,58.03600000,58.03300000,58.03300000,2022-08-07 22:54:59.999
2022-08-07 22:55:00,58.03300000,58.03300000,58.03300000,58.03300000,2022-08-07 22:55:59.999
2022-08-07 22:56:00,58.03300000,58.03300000,58.03300000,58.03300000,2022-08-07 22:56:59.999
2022-08-07 22:57:00,58.00400000,58.00400000,58.00300000,58.00300000,2022-08-07 22:57:59.999
2022-08-07 22:58:00,58.00300000,58.00300000,58.00300000,58.00300000,2022-08-07 22:58:59.999
2022-08-07 22:59:00,58.00300000,58.00300000,58.00300000,58.00300000,2022-08-07 22:59:59.999
2022-08-07 23:00:00,58.00300000,58.00300000,58.00300000,58.00300000,2022-08-07 23:00:59.999
2022-08-07 23:01:00,58.00000000,58.00000000,58.00000000,58.00000000,2022-08-07 23:01:59.999
2022-08-07 23:02:00,57.99800000,58.01200000,57.99800000,58.01200000,2022-08-07 23:02:59.999
2022-08-07 23:03:00,58.01200000,58.01200000,58.01200000,58.01200000,2022-08-07 23:03:59.999
2022-08-07 23:04:00,58.01200000,58.01200000,58.01200000,58.01200000,2022-08-07 23:04:59.999
2022-08-07 23:05:00,58.01200000,58.01200000,58.01200000,58.01200000,2022-08-07 23:05:59.999
2022-08-07 23:06:00,58.01200000,58.01200000,58.01200000,58.01200000,2022-08-07 23:06:59.999
2022-08-07 23:07:00,58.00000000,58.00000000,57.99900000,58.00000000,2022-08-07 23:07:59.999
2022-08-07 23:08:00,57.99900000,57.99900000,57.99900000,57.99900000,2022-08-07 23:08:59.999
2022-08-07 23:09:00,57.99900000,57.99900000,57.99900000,57.99900000,2022-08-07 23:09:59.999
2022-08-07 23:10:00,57.99900000,57.99900000,57.99900000,57.99900000,2022-08-07 23:10:59.999
2022-08-07 23:11:00,57.99900000,57.99900000,57.99900000,57.99900000,2022-08-07 23:11:59.999
2022-08-07 23:12:00,57.99900000,57.99900000,57.99900000,57.99900000,2022-08-07 23:12:59.999
2022-08-07 23:13:00,57.99900000,57.99900000,57.99900000,57.99900000,2022-08-07 23:13:59.999
2022-08-07 23:14:00,57.94600000,57.94600000,57.94300000,57.94300000,2022-08-07 23:14:59.999
2022-08-07 23:15:00,57.94300000,57.94300000,57.94300000,57.94300000,2022-08-07 23:15:59.999
2022-08-07 23:16:00,57.94500000,57.94500000,57.94500000,57.94500000,2022-08-07 23:16:59.999
2022-08-07 23:17:00,57.94500000,57.94500000,57.94500000,57.94500000,2022-08-07 23:17:59.999
2022-08-07 23:18:00,57.94500000,57.94500000,57.94500000,57.94500000,2022-08-07 23:18:59.999
2022-08-07 23:19:00,57.94500000,57.94500000,57.94500000,57.94500000,2022-08-07 23:19:59.999
2022-08-07 23:20:00,57.94500000,57.94500000,57.94500000,57.94500000,2022-08-07 23:20:59.999
2022-08-07 23:21:00,57.94500000,57.94500000,57.94500000,57.94500000,2022-08-07 23:21:59.999
2022-08-07 23:22:00,57.94500000,57.94500000,57.94500000,57.94500000,2022-08-07 23:22:59.999
2022-08-07 23:23:00,57.94500000,57.94500000,57.94500000,57.94500000,2022-08-07 23:23:59.999
2022-08-07 23:24:00,57.94500000,57.94500000,57.94500000,57.94500000,2022-08-07 23:24:59.999
2022-08-07 23:25:00,57.94500000,57.94500000,57.94500000,57.94500000,2022-08-07 23:25:59.999
2022-08-07 23:26:00,57.94500000,57.94500000,57.94500000,57.94500000,2022-08-07 23:26:59.999
2022-08-07 23:27:00,57.94500000,57.94500000,57.94500000,57.94500000,2022-08-07 23:27:59.999
2022-08-07 23:28:00,57.94500000,57.94500000,57.94500000,57.94500000,2022-08-07 23:28:59.999
2022-08-07 23:29:00,57.94500000,57.94500000,57.94500000,57.94500000,2022-08-07 23:29:59.999
2022-08-07 23:30:00,57.94500000,57.94500000,57.94500000,57.94500000,2022-08-07 23:30:59.999
2022-08-07 23:31:00,57.94700000,57.94700000,57.94500000,57.94500000,2022-08-07 23:31:59.999
2022-08-07 23:32:00,57.94500000,57.94500000,57.94500000,57.94500000,2022-08-07 23:32:59.999
2022-08-07 23:33:00,57.94500000,57.94500000,57.94500000,57.94500000,2022-08-07 23:33:59.999
2022-08-07 23:34:00,57.94500000,57.94500000,57.94500000,57.94500000,2022-08-07 23:34:59.999
2022-08-07 23:35:00,57.94500000,57.94500000,57.94500000,57.94500000,2022-08-07 23:35:59.999
2022-08-07 23:36:00,57.94500000,57.94500000,57.94500000,57.94500000,2022-08-07 23:36:59.999
2022-08-07 23:37:00,57.94500000,57.94500000,57.94500000,57.94500000,2022-08-07 23:37:59.999
2022-08-07 23:38:00,57.94500000,57.94500000,57.94500000,57.94500000,2022-08-07 23:38:59.999
2022-08-07 23:39:00,57.95000000,57.95000000,57.95000000,57.95000000,2022-08-07 23:39:59.999
2022-08-07 23:40:00,57.95000000,57.95000000,57.95000000,57.95000000,2022-08-07 23:40:59.999
2022-08-07 23:41:00,57.95000000,57.95000000,57.95000000,57.95000000,2022-08-07 23:41:59.999
2022-08-07 23:42:00,57.95000000,57.95000000,57.94900000,57.94900000,2022-08-07 23:42:59.999
2022-08-07 23:43:00,57.94900000,57.94900000,57.94900000,57.94900000,2022-08-07 23:43:59.999
2022-08-07 23:44:00,57.94900000,57.94900000,57.94900000,57.94900000,2022-08-07 23:44:59.999
2022-08-07 23:45:00,57.94900000,57.94900000,57.94900000,57.94900000,2022-08-07 23:45:59.999
2022-08-07 23:46:00,57.94900000,57.94900000,57.94900000,57.94900000,2022-08-07 23:46:59.999
2022-08-07 23:47:00,57.95000000,57.95000000,57.94500000,57.94500000,2022-08-07 23:47:59.999
2022-08-07 23:48:00,57.94500000,57.94500000,57.94500000,57.94500000,2022-08-07 23:48:59.999
2022-08-07 23:49:00,57.86200000,57.86200000,57.86200000,57.86200000,2022-08-07 23:49:59.999
2022-08-07 23:50:00,57.86200000,57.86200000,57.86200000,57.86200000,2022-08-07 23:50:59.999
2022-08-07 23:51:00,57.86200000,57.86200000,57.86200000,57.86200000,2022-08-07 23:51:59.999
2022-08-07 23:52:00,57.86200000,57.86200000,57.86200000,57.86200000,2022-08-07 23:52:59.999
2022-08-07 23:53:00,57.86200000,57.86200000,57.86200000,57.86200000,2022-08-07 23:53:59.999
2022-08-07 23:54:00,57.86200000,57.86200000,57.86200000,57.86200000,2022-08-07 23:54:59.999
2022-08-07 23:55:00,57.86200000,57.86200000,57.86200000,57.86200000,2022-08-07 23:55:59.999
2022-08-07 23:56:00,57.86200000,57.86200000,57.86200000,57.86200000,2022-08-07 23:56:59.999
2022-08-07 23:57:00,57.86200000,57.86200000,57.86200000,57.86200000,2022-08-07 23:57:59.999
2022-08-07 23:58:00,57.86200000,57.86200000,57.86200000,57.86200000,2022-08-07 23:58:59.999
2022-08-07 23:59:00,57.86200000,57.86200000,57.86200000,57.86200000,2022-08-07 23:59:59.999
2022-08-08 00:00:00,57.86200000,57.86200000,57.86200000,57.86200000,2022-08-08 00:00:59.999
2022-08-08 00:01:00,57.86200000,57.86200000,57.86200000,57.86200000,2022-08-08 00:01:59.999
2022-08-08 00:02:00,57.86400000,57.86400000,57.86400000,57.86400000,2022-08-08 00:02:59.999
2022-08-08 00:03:00,57.86400000,57.86400000,57.86400000,57.86400000,2022-08-08 00:03:59.999
2022-08-08 00:04:00,57.86400000,57.86400000,57.86400000,57.86400000,2022-08-08 00:04:59.999
2022-08-08 00:05:00,57.86600000,57.86600000,57.86200000,57.86200000,2022-08-08 00:05:59.999
2022-08-08 00:06:00,57.86200000,57.86600000,57.86200000,57.86600000,2022-08-08 00:06:59.999
2022-08-08 00:07:00,57.86600000,57.86600000,57.86600000,57.86600000,2022-08-08 00:07:59.999
2022-08-08 00:08:00,57.86600000,57.86600000,57.86600000,57.86600000,2022-08-08 00:08:59.999
2022-08-08 00:09:00,57.86600000,57.86600000,57.86600000,57.86600000,2022-08-08 00:09:59.999
2022-08-08 00:10:00,57.86600000,57.86600000,57.86600000,57.86600000,2022-08-08 00:10:59.999
2022-08-08 00:11:00,57.86600000,57.86600000,57.86600000,57.86600000,2022-08-08 00:11:59.999
2022-08-08 00:12:00,57.86600000,57.86600000,57.86600000,57.86600000,2022-08-08 00:12:59.999
2022-08-08 00:13:00,57.86600000,57.86600000,57.86600000,57.86600000,2022-08-08 00:13:59.999
2022-08-08 00:14:00,57.86600000,57.86600000,57.86600000,57.86600000,2022-08-08 00:14:59.999
2022-08-08 00:15:00,57.86600000,57.86600000,57.86600000,57.86600000,2022-08-08 00:15:59.999
2022-08-08 00:16:00,57.95900000,57.95900000,57.95900000,57.95900000,2022-08-08 00:16:59.999
2022-08-08 00:17:00,57.95900000,57.95900000,57.95900000,57.95900000,2022-08-08 00:17:59.999
2022-08-08 00:18:00,57.95900000,57.95900000,57.95900000,57.95900000,2022-08-08 00:18:59.999
2022-08-08 00:19:00,57.95900000,57.95900000,57.95900000,57.95900000,2022-08-08 00:19:59.999
2022-08-08 00:20:00,57.95900000,57.95900000,57.95900000,57.95900000,2022-08-08 00:20:59.999
2022-08-08 00:21:00,57.95900000,57.95900000,57.95700000,57.95700000,2022-08-08 00:21:59.999
2022-08-08 00:22:00,57.95400000,57.95900000,57.95400000,57.95900000,2022-08-08 00:22:59.999
2022-08-08 00:23:00,57.93400000,57.94700000,57.86100000,57.91600000,2022-08-08 00:23:59.999
2022-08-08 00:24:00,57.99100000,58.00300000,57.99100000,58.00300000,2022-08-08 00:24:59.999
2022-08-08 00:25:00,58.00300000,58.00300000,58.00300000,58.00300000,2022-08-08 00:25:59.999
2022-08-08 00:26:00,58.00300000,58.00300000,58.00300000,58.00300000,2022-08-08 00:26:59.999
2022-08-08 00:27:00,58.00300000,58.00300000,58.00300000,58.00300000,2022-08-08 00:27:59.999
2022-08-08 00:28:00,58.00300000,58.00300000,58.00300000,58.00300000,2022-08-08 00:28:59.999
2022-08-08 00:29:00,58.03500000,58.03500000,58.03500000,58.03500000,2022-08-08 00:29:59.999
2022-08-08 00:30:00,58.03500000,58.03500000,58.03500000,58.03500000,2022-08-08 00:30:59.999
2022-08-08 00:31:00,58.03500000,58.03500000,58.03500000,58.03500000,2022-08-08 00:31:59.999
2022-08-08 00:32:00,58.03500000,58.03500000,58.03500000,58.03500000,2022-08-08 00:32:59.999
2022-08-08 00:33:00,58.03500000,58.03500000,58.03500000,58.03500000,2022-08-08 00:33:59.999
2022-08-08 00:34:00,57.97200000,57.97200000,57.97200000,57.97200000,2022-08-08 00:34:59.999
2022-08-08 00:35:00,57.97200000,57.97200000,57.97200000,57.97200000,2022-08-08 00:35:59.999
2022-08-08 00:36:00,57.97200000,57.97200000,57.97200000,57.97200000,2022-08-08 00:36:59.999
2022-08-08 00:37:00,57.97200000,57.97200000,57.97200000,57.97200000,2022-08-08 00:37:59.999
2022-08-08 00:38:00,57.97200000,57.97200000,57.97200000,57.97200000,2022-08-08 00:38:59.999
2022-08-08 00:39:00,57.97200000,57.97200000,57.97200000,57.97200000,2022-08-08 00:39:59.999
2022-08-08 00:40:00,57.97200000,57.97200000,57.97200000,57.97200000,2022-08-08 00:40:59.999
2022-08-08 00:41:00,57.97200000,57.97200000,57.97200000,57.97200000,2022-08-08 00:41:59.999
2022-08-08 00:42:00,57.97200000,57.97200000,57.97200000,57.97200000,2022-08-08 00:42:59.999
2022-08-08 00:43:00,57.97200000,57.97200000,57.97200000,57.97200000,2022-08-08 00:43:59.999
2022-08-08 00:44:00,57.97200000,57.97200000,57.97200000,57.97200000,2022-08-08 00:44:59.999
2022-08-08 00:45:00,58.04800000,58.04800000,58.04800000,58.04800000,2022-08-08 00:45:59.999
2022-08-08 00:46:00,57.96200000,57.96200000,57.96200000,57.96200000,2022-08-08 00:46:59.999
2022-08-08 00:47:00,58.04100000,58.04100000,58.04100000,58.04100000,2022-08-08 00:47:59.999
2022-08-08 00:48:00,58.06500000,58.06500000,58.06500000,58.06500000,2022-08-08 00:48:59.999
2022-08-08 00:49:00,58.07400000,58.09800000,58.07400000,58.09800000,2022-08-08 00:49:59.999
2022-08-08 00:50:00,58.09800000,58.09800000,58.09800000,58.09800000,2022-08-08 00:50:59.999
2022-08-08 00:51:00,58.09800000,58.09800000,58.09800000,58.09800000,2022-08-08 00:51:59.999
2022-08-08 00:52:00,58.09800000,58.09800000,58.09800000,58.09800000,2022-08-08 00:52:59.999
2022-08-08 00:53:00,58.09800000,58.09800000,58.09800000,58.09800000,2022-08-08 00:53:59.999
2022-08-08 00:54:00,58.09800000,58.09800000,58.09800000,58.09800000,2022-08-08 00:54:59.999
2022-08-08 00:55:00,58.09800000,58.09800000,58.09800000,58.09800000,2022-08-08 00:55:59.999
2022-08-08 00:56:00,58.09800000,58.09800000,58.09800000,58.09800000,2022-08-08 00:56:59.999
2022-08-08 00:57:00,58.09800000,58.09800000,58.09800000,58.09800000,2022-08-08 00:57:59.999
2022-08-08 00:58:00,58.09800000,58.09800000,58.09800000,58.09800000,2022-08-08 00:58:59.999
2022-08-08 00:59:00,58.09800000,58.09800000,58.09800000,58.09800000,2022-08-08 00:59:59.999
2022-08-08 01:00:00,58.09600000,58.09600000,58.09600000,58.09600000,2022-08-08 01:00:59.999
2022-08-08 01:01:00,58.12800000,58.13000000,58.12800000,58.13000000,2022-08-08 01:01:59.999
2022-08-08 01:02:00,58.13000000,58.13000000,58.13000000,58.13000000,2022-08-08 01:02:59.999
2022-08-08 01:03:00,58.13000000,58.13000000,58.13000000,58.13000000,2022-08-08 01:03:59.999
2022-08-08 01:04:00,58.13000000,58.13000000,58.13000000,58.13000000,2022-08-08 01:04:59.999
2022-08-08 01:05:00,58.13000000,58.13000000,58.13000000,58.13000000,2022-08-08 01:05:59.999
2022-08-08 01:06:00,58.05700000,58.05700000,58.05600000,58.05600000,2022-08-08 01:06:59.999
2022-08-08 01:07:00,58.05600000,58.05600000,58.05600000,58.05600000,2022-08-08 01:07:59.999
2022-08-08 01:08:00,58.05600000,58.05600000,58.05600000,58.05600000,2022-08-08 01:08:59.999
2022-08-08 01:09:00,58.05600000,58.05600000,58.05600000,58.05600000,2022-08-08 01:09:59.999
2022-08-08 01:10:00,58.13600000,58.13600000,58.13600000,58.13600000,2022-08-08 01:10:59.999
2022-08-08 01:11:00,58.13600000,58.13600000,58.13600000,58.13600000,2022-08-08 01:11:59.999
2022-08-08 01:12:00,58.13600000,58.13600000,58.13600000,58.13600000,2022-08-08 01:12:59.999
2022-08-08 01:13:00,58.13600000,58.13600000,58.13600000,58.13600000,2022-08-08 01:13:59.999
2022-08-08 01:14:00,58.13600000,58.13600000,58.13600000,58.13600000,2022-08-08 01:14:59.999
2022-08-08 01:15:00,58.13600000,58.13600000,58.13600000,58.13600000,2022-08-08 01:15:59.999
2022-08-08 01:16:00,58.13600000,58.13600000,58.13600000,58.13600000,2022-08-08 01:16:59.999
2022-08-08 01:17:00,58.13600000,58.13600000,58.13600000,58.13600000,2022-08-08 01:17:59.999
2022-08-08 01:18:00,58.06200000,58.06200000,58.04900000,58.04900000,2022-08-08 01:18:59.999
2022-08-08 01:19:00,58.05100000,58.05600000,58.04200000,58.04200000,2022-08-08 01:19:59.999
2022-08-08 01:20:00,58.04200000,58.04200000,58.04200000,58.04200000,2022-08-08 01:20:59.999
2022-08-08 01:21:00,58.04200000,58.04200000,58.04200000,58.04200000,2022-08-08 01:21:59.999
2022-08-08 01:22:00,58.04200000,58.04200000,58.04200000,58.04200000,2022-08-08 01:22:59.999
2022-08-08 01:23:00,58.04200000,58.04200000,58.04200000,58.04200000,2022-08-08 01:23:59.999
2022-08-08 01:24:00,58.09700000,58.27700000,58.09700000,58.27700000,2022-08-08 01:24:59.999
2022-08-08 01:25:00,58.27700000,58.27700000,58.27700000,58.27700000,2022-08-08 01:25:59.999
2022-08-08 01:26:00,58.29800000,58.29800000,58.29800000,58.29800000,2022-08-08 01:26:59.999
2022-08-08 01:27:00,58.29500000,58.29800000,58.29500000,58.29800000,2022-08-08 01:27:59.999
2022-08-08 01:28:00,58.29800000,58.29800000,58.29800000,58.29800000,2022-08-08 01:28:59.999
2022-08-08 01:29:00,58.29800000,58.29800000,58.29800000,58.29800000,2022-08-08 01:29:59.999
2022-08-08 01:30:00,58.29800000,58.29800000,58.29800000,58.29800000,2022-08-08 01:30:59.999
2022-08-08 01:31:00,58.29800000,58.29800000,58.29800000,58.29800000,2022-08-08 01:31:59.999
2022-08-08 01:32:00,58.29800000,58.29800000,58.29800000,58.29800000,2022-08-08 01:32:59.999
2022-08-08 01:33:00,58.26900000,58.26900000,58.26900000,58.26900000,2022-08-08 01:33:59.999
2022-08-08 01:34:00,58.26900000,58.26900000,58.26900000,58.26900000,2022-08-08 01:34:59.999
2022-08-08 01:35:00,58.26900000,58.26900000,58.26900000,58.26900000,2022-08-08 01:35:59.999
2022-08-08 01:36:00,58.26900000,58.26900000,58.26900000,58.26900000,2022-08-08 01:36:59.999
2022-08-08 01:37:00,58.26900000,58.26900000,58.26900000,58.26900000,2022-08-08 01:37:59.999
2022-08-08 01:38:00,58.26900000,58.26900000,58.26900000,58.26900000,2022-08-08 01:38:59.999
2022-08-08 01:39:00,58.26900000,58.26900000,58.26900000,58.26900000,2022-08-08 01:39:59.999
2022-08-08 01:40:00,58.26900000,58.26900000,58.26900000,58.26900000,2022-08-08 01:40:59.999
2022-08-08 01:41:00,58.26900000,58.26900000,58.26900000,58.26900000,2022-08-08 01:41:59.999
2022-08-08 01:42:00,58.26900000,58.26900000,58.26900000,58.26900000,2022-08-08 01:42:59.999
2022-08-08 01:43:00,58.26900000,58.30000000,58.26900000,58.30000000,2022-08-08 01:43:59.999
2022-08-08 01:44:00,58.30000000,58.30000000,58.30000000,58.30000000,2022-08-08 01:44:59.999
2022-08-08 01:45:00,58.30000000,58.30000000,58.30000000,58.30000000,2022-08-08 01:45:59.999
2022-08-08 01:46:00,58.30000000,58.30000000,58.30000000,58.30000000,2022-08-08 01:46:59.999
2022-08-08 01:47:00,58.30000000,58.30000000,58.30000000,58.30000000,2022-08-08 01:47:59.999
2022-08-08 01:48:00,58.30000000,58.30000000,58.30000000,58.30000000,2022-08-08 01:48:59.999
2022-08-08 01:49:00,58.30000000,58.30000000,58.30000000,58.30000000,2022-08-08 01:49:59.999
2022-08-08 01:50:00,58.30000000,58.30000000,58.30000000,58.30000000,2022-08-08 01:50:59.999
2022-08-08 01:51:00,58.30000000,58.30000000,58.30000000,58.30000000,2022-08-08 01:51:59.999
2022-08-08 01:52:00,58.30000000,58.30000000,58.30000000,58.30000000,2022-08-08 01:52:59.999
2022-08-08 01:53:00,58.30000000,58.30000000,58.30000000,58.30000000,2022-08-08 01:53:59.999
2022-08-08 01:54:00,58.25000000,58.25000000,58.25000000,58.25000000,2022-08-08 01:54:59.999
2022-08-08 01:55:00,58.25000000,58.25000000,58.25000000,58.25000000,2022-08-08 01:55:59.999
2022-08-08 01:56:00,58.25000000,58.25000000,58.25000000,58.25000000,2022-08-08 01:56:59.999
2022-08-08 01:57:00,58.25000000,58.25000000,58.25000000,58.25000000,2022-08-08 01:57:59.999
2022-08-08 01:58:00,58.25000000,58.25000000,58.25000000,58.25000000,2022-08-08 01:58:59.999
2022-08-08 01:59:00,58.25600000,58.25600000,58.25600000,58.25600000,2022-08-08 01:59:59.999
2022-08-08 02:00:00,58.25600000,58.25600000,58.25600000,58.25600000,2022-08-08 02:00:59.999
2022-08-08 02:01:00,58.25600000,58.25600000,58.25600000,58.25600000,2022-08-08 02:01:59.999
2022-08-08 02:02:00,58.25600000,58.25600000,58.25600000,58.25600000,2022-08-08 02:02:59.999
2022-08-08 02:03:00,58.25600000,58.25600000,58.25600000,58.25600000,2022-08-08 02:03:59.999
2022-08-08 02:04:00,58.25600000,58.25600000,58.25600000,58.25600000,2022-08-08 02:04:59.999
2022-08-08 02:05:00,58.25600000,58.25600000,58.25500000,58.25500000,2022-08-08 02:05:59.999
2022-08-08 02:06:00,58.25500000,58.25500000,58.25500000,58.25500000,2022-08-08 02:06:59.999
2022-08-08 02:07:00,58.25500000,58.25500000,58.25500000,58.25500000,2022-08-08 02:07:59.999
2022-08-08 02:08:00,58.25300000,58.41600000,58.25300000,58.41600000,2022-08-08 02:08:59.999
2022-08-08 02:09:00,58.41600000,58.41600000,58.41600000,58.41600000,2022-08-08 02:09:59.999
2022-08-08 02:10:00,58.41600000,58.41600000,58.41600000,58.41600000,2022-08-08 02:10:59.999
2022-08-08 02:11:00,58.41600000,58.41600000,58.41600000,58.41600000,2022-08-08 02:11:59.999
2022-08-08 02:12:00,58.31200000,58.31200000,58.31200000,58.31200000,2022-08-08 02:12:59.999
2022-08-08 02:13:00,58.31200000,58.31200000,58.31200000,58.31200000,2022-08-08 02:13:59.999
2022-08-08 02:14:00,58.29900000,58.29900000,58.15300000,58.18500000,2022-08-08 02:14:59.999
2022-08-08 02:15:00,58.18500000,58.18500000,58.18500000,58.18500000,2022-08-08 02:15:59.999
2022-08-08 02:16:00,58.18500000,58.18500000,58.18500000,58.18500000,2022-08-08 02:16:59.999
2022-08-08 02:17:00,58.28500000,58.28500000,58.28500000,58.28500000,2022-08-08 02:17:59.999
2022-08-08 02:18:00,58.28500000,58.28500000,58.28500000,58.28500000,2022-08-08 02:18:59.999
2022-08-08 02:19:00,58.25800000,58.25800000,58.25600000,58.25600000,2022-08-08 02:19:59.999
2022-08-08 02:20:00,58.25600000,58.25600000,58.25600000,58.25600000,2022-08-08 02:20:59.999
2022-08-08 02:21:00,58.25600000,58.25600000,58.25600000,58.25600000,2022-08-08 02:21:59.999
2022-08-08 02:22:00,58.25600000,58.25600000,58.25600000,58.25600000,2022-08-08 02:22:59.999
2022-08-08 02:23:00,58.25600000,58.25600000,58.25600000,58.25600000,2022-08-08 02:23:59.999
2022-08-08 02:24:00,58.25600000,58.25600000,58.25600000,58.25600000,2022-08-08 02:24:59.999
2022-08-08 02:25:00,58.25600000,58.25600000,58.25600000,58.25600000,2022-08-08 02:25:59.999
2022-08-08 02:26:00,58.25500000,58.25600000,58.25500000,58.25600000,2022-08-08 02:26:59.999
2022-08-08 02:27:00,58.25600000,58.25600000,58.25600000,58.25600000,2022-08-08 02:27:59.999
2022-08-08 02:28:00,58.25600000,58.25600000,58.25600000,58.25600000,2022-08-08 02:28:59.999
2022-08-08 02:29:00,58.25600000,58.25600000,58.25600000,58.25600000,2022-08-08 02:29:59.999
2022-08-08 02:30:00,58.25600000,58.25600000,58.25600000,58.25600000,2022-08-08 02:30:59.999
2022-08-08 02:31:00,58.25600000,58.25600000,58.25600000,58.25600000,2022-08-08 02:31:59.999
2022-08-08 02:32:00,58.25600000,58.25600000,58.25600000,58.25600000,2022-08-08 02:32:59.999
2022-08-08 02:33:00,58.25600000,58.25600000,58.25600000,58.25600000,2022-08-08 02:33:59.999
2022-08-08 02:34:00,58.25600000,58.25600000,58.25600000,58.25600000,2022-08-08 02:34:59.999
2022-08-08 02:35:00,58.25600000,58.25600000,58.25600000,58.25600000,2022-08-08 02:35:59.999
2022-08-08 02:36:00,58.25600000,58.25600000,58.25600000,58.25600000,2022-08-08 02:36:59.999
2022-08-08 02:37:00,58.25600000,58.25600000,58.25600000,58.25600000,2022-08-08 02:37:59.999
2022-08-08 02:38:00,58.25600000,58.25600000,58.25600000,58.25600000,2022-08-08 02:38:59.999
2022-08-08 02:39:00,58.25600000,58.25600000,58.25600000,58.25600000,2022-08-08 02:39:59.999
2022-08-08 02:40:00,58.25600000,58.25600000,58.25600000,58.25600000,2022-08-08 02:40:59.999
2022-08-08 02:41:00,58.25000000,58.25000000,58.25000000,58.25000000,2022-08-08 02:41:59.999
2022-08-08 02:42:00,58.25000000,58.25000000,58.25000000,58.25000000,2022-08-08 02:42:59.999
2022-08-08 02:43:00,58.25000000,58.25000000,58.25000000,58.25000000,2022-08-08 02:43:59.999
2022-08-08 02:44:00,58.25000000,58.25000000,58.25000000,58.25000000,2022-08-08 02:44:59.999
2022-08-08 02:45:00,58.25000000,58.25000000,58.25000000,58.25000000,2022-08-08 02:45:59.999
2022-08-08 02:46:00,58.28200000,58.28200000,58.28200000,58.28200000,2022-08-08 02:46:59.999
2022-08-08 02:47:00,58.28200000,58.28200000,58.28200000,58.28200000,2022-08-08 02:47:59.999
2022-08-08 02:48:00,58.28200000,58.28200000,58.28200000,58.28200000,2022-08-08 02:48:59.999
2022-08-08 02:49:00,58.28200000,58.28200000,58.28200000,58.28200000,2022-08-08 02:49:59.999
2022-08-08 02:50:00,58.28200000,58.28200000,58.28200000,58.28200000,2022-08-08 02:50:59.999
2022-08-08 02:51:00,58.08900000,58.17500000,58.04000000,58.17500000,2022-08-08 02:51:59.999
2022-08-08 02:52:00,58.17500000,58.17500000,58.17500000,58.17500000,2022-08-08 02:52:59.999
2022-08-08 02:53:00,58.17500000,58.17500000,58.17500000,58.17500000,2022-08-08 02:53:59.999
2022-08-08 02:54:00,58.17500000,58.17500000,58.17500000,58.17500000,2022-08-08 02:54:59.999
2022-08-08 02:55:00,58.17500000,58.17500000,58.17500000,58.17500000,2022-08-08 02:55:59.999
2022-08-08 02:56:00,58.11200000,58.11200000,58.09500000,58.09500000,2022-08-08 02:56:59.999
2022-08-08 02:57:00,58.09500000,58.09500000,58.09500000,58.09500000,2022-08-08 02:57:59.999
2022-08-08 02:58:00,58.09500000,58.09500000,58.09500000,58.09500000,2022-08-08 02:58:59.999
2022-08-08 02:59:00,58.09500000,58.09500000,58.09500000,58.09500000,2022-08-08 02:59:59.999
2022-08-08 03:00:00,58.06700000,58.06700000,58.06700000,58.06700000,2022-08-08 03:00:59.999
2022-08-08 03:01:00,58.06700000,58.06700000,58.06500000,58.06500000,2022-08-08 03:01:59.999
2022-08-08 03:02:00,58.06300000,58.06300000,58.06300000,58.06300000,2022-08-08 03:02:59.999
2022-08-08 03:03:00,58.05400000,58.05400000,58.05400000,58.05400000,2022-08-08 03:03:59.999
2022-08-08 03:04:00,58.05400000,58.05400000,58.05400000,58.05400000,2022-08-08 03:04:59.999
2022-08-08 03:05:00,58.05400000,58.05400000,58.05400000,58.05400000,2022-08-08 03:05:59.999
2022-08-08 03:06:00,58.05400000,58.05400000,58.05400000,58.05400000,2022-08-08 03:06:59.999
2022-08-08 03:07:00,58.05400000,58.05400000,58.05400000,58.05400000,2022-08-08 03:07:59.999
2022-08-08 03:08:00,58.05400000,58.05400000,58.05400000,58.05400000,2022-08-08 03:08:59.999
2022-08-08 03:09:00,58.05400000,58.05400000,58.05400000,58.05400000,2022-08-08 03:09:59.999
2022-08-08 03:10:00,58.05400000,58.05400000,58.05400000,58.05400000,2022-08-08 03:10:59.999
2022-08-08 03:11:00,58.05400000,58.05400000,58.05400000,58.05400000,2022-08-08 03:11:59.999
2022-08-08 03:12:00,58.05400000,58.05400000,58.05400000,58.05400000,2022-08-08 03:12:59.999
2022-08-08 03:13:00,58.05400000,58.05400000,58.05400000,58.05400000,2022-08-08 03:13:59.999
2022-08-08 03:14:00,58.05400000,58.05400000,58.05400000,58.05400000,2022-08-08 03:14:59.999
2022-08-08 03:15:00,58.05400000,58.05400000,58.05400000,58.05400000,2022-08-08 03:15:59.999
2022-08-08 03:16:00,58.05400000,58.05400000,58.05400000,58.05400000,2022-08-08 03:16:59.999
2022-08-08 03:17:00,58.06200000,58.06200000,58.06000000,58.06000000,2022-08-08 03:17:59.999
2022-08-08 03:18:00,58.06000000,58.06000000,58.06000000,58.06000000,2022-08-08 03:18:59.999
2022-08-08 03:19:00,58.06000000,58.06000000,58.06000000,58.06000000,2022-08-08 03:19:59.999
2022-08-08 03:20:00,58.06000000,58.06000000,58.06000000,58.06000000,2022-08-08 03:20:59.999
2022-08-08 03:21:00,58.06000000,58.06000000,58.06000000,58.06000000,2022-08-08 03:21:59.999
2022-08-08 03:22:00,58.06000000,58.06000000,58.06000000,58.06000000,2022-08-08 03:22:59.999
2022-08-08 03:23:00,58.05800000,58.06000000,58.05600000,58.06000000,2022-08-08 03:23:59.999
2022-08-08 03:24:00,58.06000000,58.06000000,58.06000000,58.06000000,2022-08-08 03:24:59.999
2022-08-08 03:25:00,58.06000000,58.06000000,58.06000000,58.06000000,2022-08-08 03:25:59.999
2022-08-08 03:26:00,58.06000000,58.06000000,58.06000000,58.06000000,2022-08-08 03:26:59.999
2022-08-08 03:27:00,58.06000000,58.06000000,58.06000000,58.06000000,2022-08-08 03:27:59.999
2022-08-08 03:28:00,58.06000000,58.06000000,58.06000000,58.06000000,2022-08-08 03:28:59.999
2022-08-08 03:29:00,58.06000000,58.06000000,58.06000000,58.06000000,2022-08-08 03:29:59.999
2022-08-08 03:30:00,58.08300000,58.14300000,58.06200000,58.06200000,2022-08-08 03:30:59.999
2022-08-08 03:31:00,58.14500000,58.15200000,58.14500000,58.15200000,2022-08-08 03:31:59.999
2022-08-08 03:32:00,58.13700000,58.13700000,58.13700000,58.13700000,2022-08-08 03:32:59.999
2022-08-08 03:33:00,58.10800000,58.13600000,58.10800000,58.10800000,2022-08-08 03:33:59.999
2022-08-08 03:34:00,58.10800000,58.11000000,58.10800000,58.10900000,2022-08-08 03:34:59.999
2022-08-08 03:35:00,58.12700000,58.13200000,58.12700000,58.13200000,2022-08-08 03:35:59.999
2022-08-08 03:36:00,58.13700000,58.13700000,58.13700000,58.13700000,2022-08-08 03:36:59.999
2022-08-08 03:37:00,58.13700000,58.13700000,58.13700000,58.13700000,2022-08-08 03:37:59.999
2022-08-08 03:38:00,58.13700000,58.13700000,58.13700000,58.13700000,2022-08-08 03:38:59.999
2022-08-08 03:39:00,58.13700000,58.13700000,58.13700000,58.13700000,2022-08-08 03:39:59.999
2022-08-08 03:40:00,58.13700000,58.13700000,58.13700000,58.13700000,2022-08-08 03:40:59.999
2022-08-08 03:41:00,58.13700000,58.13700000,58.13700000,58.13700000,2022-08-08 03:41:59.999
2022-08-08 03:42:00,58.13700000,58.13700000,58.13700000,58.13700000,2022-08-08 03:42:59.999
2022-08-08 03:43:00,58.15200000,58.15200000,58.15200000,58.15200000,2022-08-08 03:43:59.999
2022-08-08 03:44:00,58.15200000,58.15200000,58.15200000,58.15200000,2022-08-08 03:44:59.999
2022-08-08 03:45:00,58.15300000,58.15300000,58.15300000,58.15300000,2022-08-08 03:45:59.999
2022-08-08 03:46:00,58.15300000,58.15300000,58.15300000,58.15300000,2022-08-08 03:46:59.999
2022-08-08 03:47:00,58.15600000,58.15600000,58.15600000,58.15600000,2022-08-08 03:47:59.999
2022-08-08 03:48:00,58.15600000,58.15600000,58.15600000,58.15600000,2022-08-08 03:48:59.999
2022-08-08 03:49:00,58.15900000,58.15900000,58.15900000,58.15900000,2022-08-08 03:49:59.999
2022-08-08 03:50:00,58.18600000,58.22000000,58.18600000,58.22000000,2022-08-08 03:50:59.999
2022-08-08 03:51:00,58.22000000,58.22000000,58.22000000,58.22000000,2022-08-08 03:51:59.999
2022-08-08 03:52:00,58.22000000,58.23100000,58.21700000,58.21800000,2022-08-08 03:52:59.999
2022-08-08 03:53:00,58.18800000,58.19000000,58.18800000,58.19000000,2022-08-08 03:53:59.999
2022-08-08 03:54:00,58.18500000,58.18500000,58.18500000,58.18500000,2022-08-08 03:54:59.999
2022-08-08 03:55:00,58.18500000,58.18500000,58.18500000,58.18500000,2022-08-08 03:55:59.999
2022-08-08 03:56:00,58.18500000,58.18500000,58.17200000,58.17200000,2022-08-08 03:56:59.999
2022-08-08 03:57:00,58.17200000,58.17200000,58.17200000,58.17200000,2022-08-08 03:57:59.999
2022-08-08 03:58:00,58.17200000,58.17200000,58.17200000,58.17200000,2022-08-08 03:58:59.999
2022-08-08 03:59:00,58.12500000,58.15100000,58.12500000,58.15100000,2022-08-08 03:59:59.999
2022-08-08 04:00:00,58.15100000,58.15100000,58.15100000,58.15100000,2022-08-08 04:00:59.999
2022-08-08 04:01:00,58.15100000,58.15100000,58.15100000,58.15100000,2022-08-08 04:01:59.999
2022-08-08 04:02:00,58.15100000,58.15100000,58.15100000,58.15100000,2022-08-08 04:02:59.999
2022-08-08 04:03:00,58.15100000,58.15100000,58.15100000,58.15100000,2022-08-08 04:03:59.999
2022-08-08 04:04:00,58.15100000,58.15100000,58.15100000,58.15100000,2022-08-08 04:04:59.999
2022-08-08 04:05:00,58.15100000,58.15100000,58.15100000,58.15100000,2022-08-08 04:05:59.999
2022-08-08 04:06:00,58.15100000,58.15100000,58.15100000,58.15100000,2022-08-08 04:06:59.999
2022-08-08 04:07:00,58.12600000,58.12600000,58.12600000,58.12600000,2022-08-08 04:07:59.999
2022-08-08 04:08:00,58.12600000,58.18300000,58.12600000,58.16700000,2022-08-08 04:08:59.999
2022-08-08 04:09:00,58.16700000,58.16700000,58.16700000,58.16700000,2022-08-08 04:09:59.999
2022-08-08 04:10:00,58.16700000,58.16700000,58.16700000,58.16700000,2022-08-08 04:10:59.999
2022-08-08 04:11:00,58.16700000,58.16700000,58.16700000,58.16700000,2022-08-08 04:11:59.999
2022-08-08 04:12:00,58.16700000,58.16700000,58.16700000,58.16700000,2022-08-08 04:12:59.999
2022-08-08 04:13:00,58.16700000,58.16700000,58.16700000,58.16700000,2022-08-08 04:13:59.999
2022-08-08 04:14:00,58.16500000,58.16500000,58.16500000,58.16500000,2022-08-08 04:14:59.999
2022-08-08 04:15:00,58.16500000,58.16500000,58.16200000,58.16500000,2022-08-08 04:15:59.999
2022-08-08 04:16:00,58.16500000,58.16500000,58.16500000,58.16500000,2022-08-08 04:16:59.999
2022-08-08 04:17:00,58.16500000,58.16500000,58.16500000,58.16500000,2022-08-08 04:17:59.999
2022-08-08 04:18:00,58.18500000,58.19000000,58.18500000,58.19000000,2022-08-08 04:18:59.999
2022-08-08 04:19:00,58.19000000,58.19000000,58.19000000,58.19000000,2022-08-08 04:19:59.999
2022-08-08 04:20:00,58.19000000,58.19000000,58.19000000,58.19000000,2022-08-08 04:20:59.999
2022-08-08 04:21:00,58.17400000,58.17400000,58.17000000,58.17000000,2022-08-08 04:21:59.999
2022-08-08 04:22:00,58.17000000,58.17000000,58.17000000,58.17000000,2022-08-08 04:22:59.999
2022-08-08 04:23:00,58.17000000,58.17000000,58.17000000,58.17000000,2022-08-08 04:23:59.999
2022-08-08 04:24:00,58.18200000,58.18200000,58.18200000,58.18200000,2022-08-08 04:24:59.999
2022-08-08 04:25:00,58.18200000,58.18200000,58.18200000,58.18200000,2022-08-08 04:25:59.999
2022-08-08 04:26:00,58.18200000,58.18200000,58.18200000,58.18200000,2022-08-08 04:26:59.999
2022-08-08 04:27:00,58.18200000,58.18200000,58.18200000,58.18200000,2022-08-08 04:27:59.999
2022-08-08 04:28:00,58.18200000,58.18200000,58.18200000,58.18200000,2022-08-08 04:28:59.999
2022-08-08 04:29:00,58.18200000,58.18200000,58.18200000,58.18200000,2022-08-08 04:29:59.999
2022-08-08 04:30:00,58.16500000,58.18200000,58.16500000,58.18200000,2022-08-08 04:30:59.999
2022-08-08 04:31:00,58.18200000,58.18200000,58.18200000,58.18200000,2022-08-08 04:31:59.999
2022-08-08 04:32:00,58.18200000,58.18200000,58.18200000,58.18200000,2022-08-08 04:32:59.999
2022-08-08 04:33:00,58.17900000,58.17900000,58.17900000,58.17900000,2022-08-08 04:33:59.999
2022-08-08 04:34:00,58.17700000,58.17700000,58.17700000,58.17700000,2022-08-08 04:34:59.999
2022-08-08 04:35:00,58.17600000,58.17700000,58.17600000,58.17700000,2022-08-08 04:35:59.999
2022-08-08 04:36:00,58.17700000,58.17700000,58.17700000,58.17700000,2022-08-08 04:36:59.999
2022-08-08 04:37:00,58.17700000,58.17700000,58.17700000,58.17700000,2022-08-08 04:37:59.999
2022-08-08 04:38:00,58.17700000,58.17700000,58.17700000,58.17700000,2022-08-08 04:38:59.999
2022-08-08 04:39:00,58.15700000,58.15800000,58.15700000,58.15800000,2022-08-08 04:39:59.999
2022-08-08 04:40:00,58.15800000,58.15800000,58.15800000,58.15800000,2022-08-08 04:40:59.999
2022-08-08 04:41:00,58.13400000,58.13400000,58.10900000,58.10900000,2022-08-08 04:41:59.999
2022-08-08 04:42:00,58.10900000,58.10900000,58.10900000,58.10900000,2022-08-08 04:42:59.999
2022-08-08 04:43:00,58.10900000,58.10900000,58.10900000,58.10900000,2022-08-08 04:43:59.999
2022-08-08 04:44:00,58.10900000,58.10900000,58.10900000,58.10900000,2022-08-08 04:44:59.999
2022-08-08 04:45:00,58.10900000,58.10900000,58.10900000,58.10900000,2022-08-08 04:45:59.999
2022-08-08 04:46:00,58.10900000,58.10900000,58.10900000,58.10900000,2022-08-08 04:46:59.999
2022-08-08 04:47:00,58.10900000,58.10900000,58.10900000,58.10900000,2022-08-08 04:47:59.999
2022-08-08 04:48:00,58.10900000,58.10900000,58.10900000,58.10900000,2022-08-08 04:48:59.999
2022-08-08 04:49:00,58.12600000,58.12600000,58.12600000,58.12600000,2022-08-08 04:49:59.999
2022-08-08 04:50:00,58.12600000,58.12600000,58.12600000,58.12600000,2022-08-08 04:50:59.999
2022-08-08 04:51:00,58.12600000,58.12600000,58.12600000,58.12600000,2022-08-08 04:51:59.999
2022-08-08 04:52:00,58.12600000,58.12600000,58.12600000,58.12600000,2022-08-08 04:52:59.999
2022-08-08 04:53:00,58.12600000,58.12600000,58.12600000,58.12600000,2022-08-08 04:53:59.999
2022-08-08 04:54:00,58.12600000,58.12600000,58.12600000,58.12600000,2022-08-08 04:54:59.999
2022-08-08 04:55:00,58.12200000,58.12200000,58.06000000,58.06000000,2022-08-08 04:55:59.999
2022-08-08 04:56:00,58.06000000,58.06000000,58.06000000,58.06000000,2022-08-08 04:56:59.999
2022-08-08 04:57:00,58.06000000,58.06000000,58.06000000,58.06000000,2022-08-08 04:57:59.999
2022-08-08 04:58:00,58.06000000,58.06000000,58.06000000,58.06000000,2022-08-08 04:58:59.999
2022-08-08 04:59:00,58.06000000,58.06000000,58.06000000,58.06000000,2022-08-08 04:59:59.999
2022-08-08 05:00:00,58.06000000,58.06000000,58.06000000,58.06000000,2022-08-08 05:00:59.999
2022-08-08 05:01:00,58.06000000,58.06000000,58.06000000,58.06000000,2022-08-08 05:01:59.999
2022-08-08 05:02:00,58.06000000,58.06000000,58.06000000,58.06000000,2022-08-08 05:02:59.999
2022-08-08 05:03:00,58.04800000,58.05700000,58.04800000,58.05700000,2022-08-08 05:03:59.999
2022-08-08 05:04:00,58.05700000,58.05700000,58.05700000,58.05700000,2022-08-08 05:04:59.999
2022-08-08 05:05:00,58.05700000,58.05700000,58.05700000,58.05700000,2022-08-08 05:05:59.999
2022-08-08 05:06:00,58.07100000,58.07100000,58.05700000,58.05700000,2022-08-08 05:06:59.999
2022-08-08 05:07:00,58.05700000,58.05700000,58.05700000,58.05700000,2022-08-08 05:07:59.999
2022-08-08 05:08:00,58.05700000,58.05700000,58.05700000,58.05700000,2022-08-08 05:08:59.999
2022-08-08 05:09:00,58.05700000,58.05700000,58.05700000,58.05700000,2022-08-08 05:09:59.999
2022-08-08 05:10:00,58.05700000,58.05700000,58.05700000,58.05700000,2022-08-08 05:10:59.999
2022-08-08 05:11:00,58.05700000,58.05700000,58.05700000,58.05700000,2022-08-08 05:11:59.999
2022-08-08 05:12:00,58.09000000,58.09000000,58.09000000,58.09000000,2022-08-08 05:12:59.999
2022-08-08 05:13:00,58.09000000,58.09000000,58.09000000,58.09000000,2022-08-08 05:13:59.999
2022-08-08 05:14:00,58.09000000,58.09000000,58.09000000,58.09000000,2022-08-08 05:14:59.999
2022-08-08 05:15:00,58.09000000,58.09000000,58.09000000,58.09000000,2022-08-08 05:15:59.999
2022-08-08 05:16:00,58.09000000,58.09000000,58.09000000,58.09000000,2022-08-08 05:16:59.999
2022-08-08 05:17:00,58.09000000,58.09000000,58.09000000,58.09000000,2022-08-08 05:17:59.999
2022-08-08 05:18:00,58.09000000,58.09000000,58.09000000,58.09000000,2022-08-08 05:18:59.999
2022-08-08 05:19:00,58.09000000,58.09000000,58.09000000,58.09000000,2022-08-08 05:19:59.999
